RMSE,MAE,R2,Model,Train_Time_Seconds
56.341247388276635,33.144425036243724,0.5531892546556214,RandomForest,48.26
56.70324339342759,33.20553442349355,0.5474292362301382,CatBoost,18.58
56.73682936483949,33.23606025541635,0.5468929519050008,LightGBM,2.19
58.44699090786917,33.889905580352654,0.5191661801341607,XGBoost,2.83
70.89902796758116,44.26979438913012,0.29245958015985074,Ridge,0.04
